afterEvent,side,level,price,qty
51,BUY,0,10000,7
51,BUY,1,9999,16
51,BUY,2,9997,80
51,BUY,3,9996,48
51,BUY,4,9995,36
51,SELL,0,10002,55
51,SELL,1,10003,33
51,SELL,2,10005,6
51,SELL,3,0,0
51,SELL,4,0,0
101,BUY,0,10000,18
101,BUY,1,9999,59
101,BUY,2,9998,90
101,BUY,3,9997,107
101,BUY,4,9996,74
101,SELL,0,10002,6
101,SELL,1,10003,79
101,SELL,2,10004,29
101,SELL,3,10005,14
101,SELL,4,0,0
151,BUY,0,9999,68
151,BUY,1,9998,99
151,BUY,2,9997,160
151,BUY,3,9996,36
151,BUY,4,9995,70
151,SELL,0,10000,1
151,SELL,1,10001,22
151,SELL,2,10002,1
151,SELL,3,10003,219
151,SELL,4,10004,60
201,BUY,0,9998,124
201,BUY,1,9997,264
201,BUY,2,9996,105
201,BUY,3,9995,111
201,BUY,4,9994,43
201,SELL,0,9999,15
201,SELL,1,10000,97
201,SELL,2,10001,121
201,SELL,3,10002,112
201,SELL,4,10003,219
251,BUY,0,9997,266
251,BUY,1,9996,166
251,BUY,2,9995,226
251,BUY,3,9994,24
251,BUY,4,9993,57
251,SELL,0,10000,86
251,SELL,1,10001,187
251,SELL,2,10002,134
251,SELL,3,10003,243
251,SELL,4,10004,93
303,BUY,0,9998,7
303,BUY,1,9997,202
303,BUY,2,9996,252
303,BUY,3,9995,218
303,BUY,4,9994,150
303,SELL,0,10000,105
303,SELL,1,10001,201
303,SELL,2,10002,198
303,SELL,3,10003,243
303,SELL,4,10004,135
353,BUY,0,9998,32
353,BUY,1,9997,222
353,BUY,2,9996,328
353,BUY,3,9995,232
353,BUY,4,9994,155
353,SELL,0,9999,42
353,SELL,1,10000,117
353,SELL,2,10001,201
353,SELL,3,10002,191
353,SELL,4,10003,276
403,BUY,0,9997,161
403,BUY,1,9996,396
403,BUY,2,9995,197
403,BUY,3,9994,130
403,BUY,4,9993,149
403,SELL,0,9998,48
403,SELL,1,9999,83
403,SELL,2,10000,308
403,SELL,3,10001,363
403,SELL,4,10002,183
453,BUY,0,9997,73
453,BUY,1,9996,396
453,BUY,2,9995,221
453,BUY,3,9994,182
453,BUY,4,9993,185
453,SELL,0,10000,339
453,SELL,1,10001,322
453,SELL,2,10002,279
453,SELL,3,10003,250
453,SELL,4,10004,77
503,BUY,0,9996,189
503,BUY,1,9995,205
503,BUY,2,9994,186
503,BUY,3,9993,319
503,BUY,4,9992,92
503,SELL,0,9997,22
503,SELL,1,9998,82
503,SELL,2,10000,285
503,SELL,3,10001,322
503,SELL,4,10002,244
555,BUY,0,9995,139
555,BUY,1,9994,135
555,BUY,2,9993,247
555,BUY,3,9992,80
555,BUY,4,9991,35
555,SELL,0,9997,15
555,SELL,1,9998,82
555,SELL,2,10000,272
555,SELL,3,10001,152
555,SELL,4,10002,216
605,BUY,0,9993,61
605,BUY,1,9992,52
605,BUY,2,9991,35
605,BUY,3,9990,13
605,BUY,4,9989,135
605,SELL,0,9994,28
605,SELL,1,9997,47
605,SELL,2,9998,82
605,SELL,3,10000,256
605,SELL,4,10001,112
655,BUY,0,9989,183
655,BUY,1,9988,49
655,BUY,2,9987,190
655,BUY,3,9986,144
655,BUY,4,9985,57
655,SELL,0,9992,19
655,SELL,1,9993,54
655,SELL,2,9994,28
655,SELL,3,9995,51
655,SELL,4,9996,31
705,BUY,0,9990,103
705,BUY,1,9989,183
705,BUY,2,9988,83
705,BUY,3,9987,144
705,BUY,4,9986,202
705,SELL,0,9994,55
705,SELL,1,9995,193
705,SELL,2,9996,61
705,SELL,3,9997,40
705,SELL,4,9998,105
755,BUY,0,9993,47
755,BUY,1,9992,29
755,BUY,2,9990,49
755,BUY,3,9989,252
755,BUY,4,9988,90
755,SELL,0,9995,275
755,SELL,1,9996,51
755,SELL,2,9997,84
755,SELL,3,9998,103
755,SELL,4,9999,6
807,BUY,0,9994,36
807,BUY,1,9993,157
807,BUY,2,9992,61
807,BUY,3,9991,41
807,BUY,4,9990,89
807,SELL,0,9995,66
807,SELL,1,9996,100
807,SELL,2,9997,84
807,SELL,3,9998,177
807,SELL,4,9999,87
857,BUY,0,9994,1
857,BUY,1,9993,248
857,BUY,2,9992,108
857,BUY,3,9991,112
857,BUY,4,9990,97
857,SELL,0,9995,137
857,SELL,1,9996,125
857,SELL,2,9997,85
857,SELL,3,9998,154
857,SELL,4,9999,142
907,BUY,0,9994,42
907,BUY,1,9993,190
907,BUY,2,9992,109
907,BUY,3,9991,154
907,BUY,4,9990,142
907,SELL,0,9995,38
907,SELL,1,9996,100
907,SELL,2,9997,133
907,SELL,3,9998,203
907,SELL,4,9999,157
957,BUY,0,9996,10
957,BUY,1,9994,42
957,BUY,2,9993,167
957,BUY,3,9992,109
957,BUY,4,9991,154
957,SELL,0,9999,123
957,SELL,1,10000,246
957,SELL,2,10001,143
957,SELL,3,10002,166
957,SELL,4,10003,141
1007,BUY,0,10000,32
1007,BUY,1,9999,71
1007,BUY,2,9998,23
1007,BUY,3,9996,10
1007,BUY,4,9993,167
1007,SELL,0,10001,43
1007,SELL,1,10002,145
1007,SELL,2,10003,136
1007,SELL,3,10004,99
1007,SELL,4,10005,65
1059,BUY,0,10002,16
1059,BUY,1,10001,47
1059,BUY,2,10000,48
1059,BUY,3,9999,71
1059,BUY,4,9998,75
1059,SELL,0,10003,35
1059,SELL,1,10004,125
1059,SELL,2,10005,65
1059,SELL,3,10006,56
1059,SELL,4,10007,84
1109,BUY,0,10000,10
1109,BUY,1,9999,113
1109,BUY,2,9998,67
1109,BUY,3,9997,28
1109,BUY,4,9996,126
1109,SELL,0,10003,50
1109,SELL,1,10004,183
1109,SELL,2,10005,76
1109,SELL,3,10006,125
1109,SELL,4,10007,45
1159,BUY,0,9996,33
1159,BUY,1,9995,23
1159,BUY,2,9994,88
1159,BUY,3,9993,232
1159,BUY,4,9992,336
1159,SELL,0,9997,25
1159,SELL,1,9999,37
1159,SELL,2,10000,19
1159,SELL,3,10004,113
1159,SELL,4,10005,61
1209,BUY,0,9998,95
1209,BUY,1,9995,127
1209,BUY,2,9994,91
1209,BUY,3,9993,284
1209,BUY,4,9992,370
1209,SELL,0,9999,12
1209,SELL,1,10000,44
1209,SELL,2,10001,35
1209,SELL,3,10002,33
1209,SELL,4,10004,113
1259,BUY,0,10002,88
1259,BUY,1,10001,66
1259,BUY,2,10000,28
1259,BUY,3,9999,30
1259,BUY,4,9998,107
1259,SELL,0,10005,115
1259,SELL,1,10006,228
1259,SELL,2,10007,129
1259,SELL,3,10008,101
1259,SELL,4,10009,255
1311,BUY,0,10001,116
1311,BUY,1,10000,28
1311,BUY,2,9999,30
1311,BUY,3,9998,183
1311,BUY,4,9997,48
1311,SELL,0,10002,19
1311,SELL,1,10003,36
1311,SELL,2,10005,189
1311,SELL,3,10006,295
1311,SELL,4,10007,157
1361,BUY,0,9997,87
1361,BUY,1,9996,54
1361,BUY,2,9995,157
1361,BUY,3,9994,110
1361,BUY,4,9993,243
1361,SELL,0,9998,2
1361,SELL,1,9999,22
1361,SELL,2,10001,43
1361,SELL,3,10002,13
1361,SELL,4,10003,36
1411,BUY,0,9998,32
1411,BUY,1,9997,40
1411,BUY,2,9996,26
1411,BUY,3,9995,164
1411,BUY,4,9994,156
1411,SELL,0,9999,46
1411,SELL,1,10001,43
1411,SELL,2,10002,13
1411,SELL,3,10003,50
1411,SELL,4,10004,24
1461,BUY,0,9997,84
1461,BUY,1,9996,61
1461,BUY,2,9995,231
1461,BUY,3,9994,270
1461,BUY,4,9993,372
1461,SELL,0,9999,64
1461,SELL,1,10000,39
1461,SELL,2,10001,81
1461,SELL,3,10002,85
1461,SELL,4,10003,65
1511,BUY,0,9999,11
1511,BUY,1,9998,27
1511,BUY,2,9997,91
1511,BUY,3,9996,68
1511,BUY,4,9995,287
1511,SELL,0,10000,53
1511,SELL,1,10001,97
1511,SELL,2,10002,196
1511,SELL,3,10003,65
1511,SELL,4,10004,45
1563,BUY,0,10001,13
1563,BUY,1,10000,26
1563,BUY,2,9999,64
1563,BUY,3,9998,19
1563,BUY,4,9997,82
1563,SELL,0,10002,242
1563,SELL,1,10003,159
1563,SELL,2,10004,67
1563,SELL,3,10005,204
1563,SELL,4,10006,283
1613,BUY,0,10000,40
1613,BUY,1,9999,140
1613,BUY,2,9998,134
1613,BUY,3,9997,82
1613,BUY,4,9996,68
1613,SELL,0,10002,182
1613,SELL,1,10003,163
1613,SELL,2,10004,76
1613,SELL,3,10005,201
1613,SELL,4,10006,283
1663,BUY,0,10003,12
1663,BUY,1,10000,67
1663,BUY,2,9999,140
1663,BUY,3,9998,100
1663,BUY,4,9997,82
1663,SELL,0,10004,42
1663,SELL,1,10005,181
1663,SELL,2,10006,295
1663,SELL,3,10007,146
1663,SELL,4,10008,117
1713,BUY,0,10004,35
1713,BUY,1,10003,113
1713,BUY,2,10001,4
1713,BUY,3,9999,160
1713,BUY,4,9998,100
1713,SELL,0,10006,279
1713,SELL,1,10007,180
1713,SELL,2,10008,135
1713,SELL,3,10009,284
1713,SELL,4,10010,201
1763,BUY,0,10005,108
1763,BUY,1,10004,53
1763,BUY,2,10003,140
1763,BUY,3,10002,42
1763,BUY,4,10001,4
1763,SELL,0,10006,181
1763,SELL,1,10007,181
1763,SELL,2,10008,153
1763,SELL,3,10009,264
1763,SELL,4,10010,253
1815,BUY,0,10005,68
1815,BUY,1,10004,117
1815,BUY,2,10003,178
1815,BUY,3,10002,162
1815,BUY,4,10000,34
1815,SELL,0,10006,28
1815,SELL,1,10007,163
1815,SELL,2,10008,188
1815,SELL,3,10009,279
1815,SELL,4,10010,224
1865,BUY,0,10007,36
1865,BUY,1,10005,11
1865,BUY,2,10004,117
1865,BUY,3,10003,205
1865,BUY,4,10002,162
1865,SELL,0,10008,59
1865,SELL,1,10009,279
1865,SELL,2,10010,221
1865,SELL,3,10011,200
1865,SELL,4,10012,174
1915,BUY,0,10007,17
1915,BUY,1,10005,1
1915,BUY,2,10004,106
1915,BUY,3,10003,140
1915,BUY,4,10002,162
1915,SELL,0,10009,48
1915,SELL,1,10010,218
1915,SELL,2,10011,175
1915,SELL,3,10012,171
1915,SELL,4,10013,97
1965,BUY,0,10004,97
1965,BUY,1,10003,140
1965,BUY,2,10002,162
1965,BUY,3,9999,76
1965,BUY,4,9998,77
1965,SELL,0,10011,26
1965,SELL,1,10012,171
1965,SELL,2,10013,97
1965,SELL,3,10014,113
1965,SELL,4,10015,107
2015,BUY,0,10013,16
2015,BUY,1,10012,33
2015,BUY,2,10004,73
2015,BUY,3,10003,140
2015,BUY,4,10002,162
2015,SELL,0,10014,113
2015,SELL,1,10015,107
2015,SELL,2,10016,108
2015,SELL,3,10017,178
2015,SELL,4,10018,62
2067,BUY,0,10014,47
2067,BUY,1,10012,27
2067,BUY,2,10011,71
2067,BUY,3,10010,28
2067,BUY,4,10004,34
2067,SELL,0,10015,100
2067,SELL,1,10016,108
2067,SELL,2,10017,284
2067,SELL,3,10018,230
2067,SELL,4,10019,340
2117,BUY,0,10015,12
2117,BUY,1,10014,61
2117,BUY,2,10013,14
2117,BUY,3,10012,153
2117,BUY,4,10011,125
2117,SELL,0,10016,104
2117,SELL,1,10017,274
2117,SELL,2,10018,201
2117,SELL,3,10019,355
2117,SELL,4,10020,195
2167,BUY,0,10016,13
2167,BUY,1,10015,49
2167,BUY,2,10012,138
2167,BUY,3,10011,148
2167,BUY,4,10010,64
2167,SELL,0,10017,302
2167,SELL,1,10018,250
2167,SELL,2,10019,426
2167,SELL,3,10020,260
2167,SELL,4,10021,160
2217,BUY,0,10015,47
2217,BUY,1,10014,79
2217,BUY,2,10013,30
2217,BUY,3,10012,166
2217,BUY,4,10011,148
2217,SELL,0,10017,267
2217,SELL,1,10018,274
2217,SELL,2,10019,474
2217,SELL,3,10020,323
2217,SELL,4,10021,222
2267,BUY,0,10012,79
2267,BUY,1,10011,219
2267,BUY,2,10010,226
2267,BUY,3,10009,102
2267,BUY,4,10008,14
2267,SELL,0,10013,14
2267,SELL,1,10016,86
2267,SELL,2,10017,311
2267,SELL,3,10018,352
2267,SELL,4,10019,513
2319,BUY,0,10009,61
2319,BUY,1,10008,14
2319,BUY,2,10007,46
2319,BUY,3,10004,109
2319,BUY,4,10003,120
2319,SELL,0,10016,40
2319,SELL,1,10017,311
2319,SELL,2,10018,352
2319,SELL,3,10019,513
2319,SELL,4,10020,306
2369,BUY,0,10002,191
2369,BUY,1,10001,22
2369,BUY,2,10000,52
2369,BUY,3,9999,78
2369,BUY,4,9998,64
2369,SELL,0,10017,242
2369,SELL,1,10018,352
2369,SELL,2,10019,513
2369,SELL,3,10020,271
2369,SELL,4,10021,219
2419,BUY,0,9999,26
2419,BUY,1,9998,107
2419,BUY,2,9997,130
2419,BUY,3,9996,105
2419,BUY,4,9995,254
2419,SELL,0,10002,30
2419,SELL,1,10004,10
2419,SELL,2,10017,189
2419,SELL,3,10018,304
2419,SELL,4,10019,431
2469,BUY,0,9999,8
2469,BUY,1,9998,136
2469,BUY,2,9997,188
2469,BUY,3,9996,232
2469,BUY,4,9995,285
2469,SELL,0,10002,24
2469,SELL,1,10003,58
2469,SELL,2,10005,53
2469,SELL,3,10017,163
2469,SELL,4,10018,304
2519,BUY,0,10001,33
2519,BUY,1,10000,39
2519,BUY,2,9999,27
2519,BUY,3,9998,188
2519,BUY,4,9997,215
2519,SELL,0,10002,34
2519,SELL,1,10003,40
2519,SELL,2,10004,157
2519,SELL,3,10005,163
2519,SELL,4,10006,56
2571,BUY,0,10000,45
2571,BUY,1,9999,68
2571,BUY,2,9998,232
2571,BUY,3,9997,280
2571,BUY,4,9996,269
2571,SELL,0,10003,38
2571,SELL,1,10004,207
2571,SELL,2,10005,163
2571,SELL,3,10006,87
2571,SELL,4,10007,39
2621,BUY,0,9997,156
2621,BUY,1,9996,269
2621,BUY,2,9995,325
2621,BUY,3,9994,327
2621,BUY,4,9993,179
2621,SELL,0,10004,110
2621,SELL,1,10005,163
2621,SELL,2,10006,87
2621,SELL,3,10007,39
2621,SELL,4,10017,143
2671,BUY,0,9996,40
2671,BUY,1,9995,298
2671,BUY,2,9994,327
2671,BUY,3,9993,179
2671,BUY,4,9992,193
2671,SELL,0,10005,153
2671,SELL,1,10006,87
2671,SELL,2,10007,39
2671,SELL,3,10017,143
2671,SELL,4,10018,259
2721,BUY,0,9994,142
2721,BUY,1,9993,178
2721,BUY,2,9992,193
2721,BUY,3,9991,279
2721,BUY,4,9990,73
2721,SELL,0,10005,106
2721,SELL,1,10006,87
2721,SELL,2,10007,39
2721,SELL,3,10017,119
2721,SELL,4,10018,259
2771,BUY,0,9991,258
2771,BUY,1,9990,73
2771,BUY,2,9989,166
2771,BUY,3,9988,28
2771,BUY,4,9987,48
2771,SELL,0,10005,7
2771,SELL,1,10006,87
2771,SELL,2,10007,39
2771,SELL,3,10017,119
2771,SELL,4,10018,259
2823,BUY,0,9990,56
2823,BUY,1,9989,166
2823,BUY,2,9988,28
2823,BUY,3,9987,48
2823,BUY,4,9986,166
2823,SELL,0,10017,96
2823,SELL,1,10018,259
2823,SELL,2,10019,308
2823,SELL,3,10020,143
2823,SELL,4,10021,168
2873,BUY,0,9986,159
2873,BUY,1,9985,52
2873,BUY,2,9984,180
2873,BUY,3,9983,194
2873,BUY,4,9982,186
2873,SELL,0,9989,42
2873,SELL,1,9990,38
2873,SELL,2,9992,99
2873,SELL,3,10017,1
2873,SELL,4,10018,259
2923,BUY,0,9990,49
2923,BUY,1,9989,89
2923,BUY,2,9988,56
2923,BUY,3,9987,72
2923,BUY,4,9986,206
2923,SELL,0,9991,9
2923,SELL,1,9992,122
2923,SELL,2,9993,114
2923,SELL,3,9994,46
2923,SELL,4,9995,82
2973,BUY,0,9988,46
2973,BUY,1,9987,194
2973,BUY,2,9986,243
2973,BUY,3,9985,154
2973,BUY,4,9984,207
2973,SELL,0,9991,34
2973,SELL,1,9992,159
2973,SELL,2,9993,143
2973,SELL,3,9994,53
2973,SELL,4,9995,143
3023,BUY,0,9990,190
3023,BUY,1,9989,28
3023,BUY,2,9988,55
3023,BUY,3,9987,198
3023,BUY,4,9986,305
3023,SELL,0,9992,130
3023,SELL,1,9993,211
3023,SELL,2,9994,124
3023,SELL,3,9995,222
3023,SELL,4,9996,6
3075,BUY,0,9991,74
3075,BUY,1,9990,124
3075,BUY,2,9989,89
3075,BUY,3,9988,131
3075,BUY,4,9987,198
3075,SELL,0,9992,44
3075,SELL,1,9993,207
3075,SELL,2,9994,356
3075,SELL,3,9995,270
3075,SELL,4,9996,128
3125,BUY,0,9992,5
3125,BUY,1,9991,120
3125,BUY,2,9990,156
3125,BUY,3,9989,95
3125,BUY,4,9988,150
3125,SELL,0,9993,131
3125,SELL,1,9994,317
3125,SELL,2,9995,349
3125,SELL,3,9996,144
3125,SELL,4,9997,136
3175,BUY,0,9992,41
3175,BUY,1,9991,112
3175,BUY,2,9990,192
3175,BUY,3,9989,114
3175,BUY,4,9988,150
3175,SELL,0,9994,267
3175,SELL,1,9995,312
3175,SELL,2,9996,192
3175,SELL,3,9997,162
3175,SELL,4,9998,65
3225,BUY,0,9993,28
3225,BUY,1,9992,96
3225,BUY,2,9991,217
3225,BUY,3,9990,304
3225,BUY,4,9989,147
3225,SELL,0,9994,170
3225,SELL,1,9995,314
3225,SELL,2,9996,242
3225,SELL,3,9997,217
3225,SELL,4,9998,132
3275,BUY,0,9993,6
3275,BUY,1,9992,138
3275,BUY,2,9991,336
3275,BUY,3,9990,304
3275,BUY,4,9989,167
3275,SELL,0,9994,38
3275,SELL,1,9995,349
3275,SELL,2,9996,268
3275,SELL,3,9997,364
3275,SELL,4,9998,166
3327,BUY,0,9992,108
3327,BUY,1,9991,359
3327,BUY,2,9990,381
3327,BUY,3,9989,211
3327,BUY,4,9988,195
3327,SELL,0,9993,28
3327,SELL,1,9995,395
3327,SELL,2,9996,295
3327,SELL,3,9997,464
3327,SELL,4,9998,268
3377,BUY,0,9994,56
3377,BUY,1,9993,59
3377,BUY,2,9992,59
3377,BUY,3,9991,424
3377,BUY,4,9990,416
3377,SELL,0,9995,243
3377,SELL,1,9996,303
3377,SELL,2,9997,507
3377,SELL,3,9998,248
3377,SELL,4,9999,150
3427,BUY,0,9994,106
3427,BUY,1,9993,101
3427,BUY,2,9992,90
3427,BUY,3,9991,466
3427,BUY,4,9990,466
3427,SELL,0,9995,65
3427,SELL,1,9996,303
3427,SELL,2,9997,539
3427,SELL,3,9998,303
3427,SELL,4,9999,177
3477,BUY,0,9993,19
3477,BUY,1,9992,106
3477,BUY,2,9991,489
3477,BUY,3,9990,530
3477,BUY,4,9989,250
3477,SELL,0,9996,341
3477,SELL,1,9997,539
3477,SELL,2,9998,289
3477,SELL,3,9999,177
3477,SELL,4,10000,220
3527,BUY,0,9991,365
3527,BUY,1,9990,530
3527,BUY,2,9989,250
3527,BUY,3,9988,271
3527,BUY,4,9987,188
3527,SELL,0,9992,21
3527,SELL,1,9993,38
3527,SELL,2,9994,12
3527,SELL,3,9996,320
3527,SELL,4,9997,539
3579,BUY,0,9992,17
3579,BUY,1,9991,265
3579,BUY,2,9990,580
3579,BUY,3,9989,280
3579,BUY,4,9988,334
3579,SELL,0,9993,77
3579,SELL,1,9994,87
3579,SELL,2,9995,107
3579,SELL,3,9996,417
3579,SELL,4,9997,562
3629,BUY,0,9991,317
3629,BUY,1,9990,630
3629,BUY,2,9989,291
3629,BUY,3,9988,343
3629,BUY,4,9987,221
3629,SELL,0,9994,43
3629,SELL,1,9995,201
3629,SELL,2,9996,416
3629,SELL,3,9997,627
3629,SELL,4,9998,187
3679,BUY,0,9991,158
3679,BUY,1,9990,630
3679,BUY,2,9989,349
3679,BUY,3,9988,337
3679,BUY,4,9987,358
3679,SELL,0,9992,57
3679,SELL,1,9993,26
3679,SELL,2,9994,151
3679,SELL,3,9995,171
3679,SELL,4,9996,416
3729,BUY,0,9991,105
3729,BUY,1,9990,640
3729,BUY,2,9989,340
3729,BUY,3,9988,303
3729,BUY,4,9987,358
3729,SELL,0,9994,27
3729,SELL,1,9995,245
3729,SELL,2,9996,444
3729,SELL,3,9997,590
3729,SELL,4,9998,272
3779,BUY,0,9995,49
3779,BUY,1,9990,626
3779,BUY,2,9989,340
3779,BUY,3,9988,303
3779,BUY,4,9987,358
3779,SELL,0,9996,301
3779,SELL,1,9997,590
3779,SELL,2,9998,272
3779,SELL,3,9999,184
3779,SELL,4,10000,232
3831,BUY,0,9994,28
3831,BUY,1,9993,34
3831,BUY,2,9992,9
3831,BUY,3,9991,2
3831,BUY,4,9990,626
3831,SELL,0,9995,13
3831,SELL,1,9996,288
3831,SELL,2,9997,619
3831,SELL,3,9998,313
3831,SELL,4,9999,203
3881,BUY,0,9990,653
3881,BUY,1,9989,352
3881,BUY,2,9988,408
3881,BUY,3,9987,353
3881,BUY,4,9986,597
3881,SELL,0,9993,1
3881,SELL,1,9994,79
3881,SELL,2,9995,71
3881,SELL,3,9996,338
3881,SELL,4,9997,605
3931,BUY,0,9990,457
3931,BUY,1,9989,372
3931,BUY,2,9988,426
3931,BUY,3,9987,338
3931,BUY,4,9986,631
3931,SELL,0,9991,48
3931,SELL,1,9992,14
3931,SELL,2,9995,67
3931,SELL,3,9996,301
3931,SELL,4,9997,605
3981,BUY,0,9990,330
3981,BUY,1,9989,356
3981,BUY,2,9988,426
3981,BUY,3,9987,338
3981,BUY,4,9986,631
3981,SELL,0,9991,76
3981,SELL,1,9992,14
3981,SELL,2,9995,67
3981,SELL,3,9996,301
3981,SELL,4,9997,576
4031,BUY,0,9989,347
4031,BUY,1,9988,406
4031,BUY,2,9987,338
4031,BUY,3,9986,624
4031,BUY,4,9985,261
4031,SELL,0,9990,62
4031,SELL,1,9991,69
4031,SELL,2,9992,60
4031,SELL,3,9995,67
4031,SELL,4,9996,256
4083,BUY,0,9988,309
4083,BUY,1,9987,338
4083,BUY,2,9986,666
4083,BUY,3,9985,261
4083,BUY,4,9984,231
4083,SELL,0,9990,80
4083,SELL,1,9991,69
4083,SELL,2,9992,60
4083,SELL,3,9995,67
4083,SELL,4,9996,233
4133,BUY,0,9988,137
4133,BUY,1,9987,306
4133,BUY,2,9986,666
4133,BUY,3,9985,292
4133,BUY,4,9984,356
4133,SELL,0,9990,23
4133,SELL,1,9991,119
4133,SELL,2,9992,49
4133,SELL,3,9993,31
4133,SELL,4,9994,13
4183,BUY,0,9987,293
4183,BUY,1,9986,712
4183,BUY,2,9985,414
4183,BUY,3,9984,397
4183,BUY,4,9983,371
4183,SELL,0,9990,30
4183,SELL,1,9991,150
4183,SELL,2,9992,65
4183,SELL,3,9993,31
4183,SELL,4,9994,13
4233,BUY,0,9990,36
4233,BUY,1,9989,38
4233,BUY,2,9988,50
4233,BUY,3,9987,204
4233,BUY,4,9986,712
4233,SELL,0,9992,35
4233,SELL,1,9993,71
4233,SELL,2,9994,45
4233,SELL,3,9995,141
4233,SELL,4,9996,169
4283,BUY,0,9992,28
4283,BUY,1,9989,20
4283,BUY,2,9988,31
4283,BUY,3,9987,220
4283,BUY,4,9986,737
4283,SELL,0,9995,157
4283,SELL,1,9996,209
4283,SELL,2,9997,615
4283,SELL,3,9998,317
4283,SELL,4,9999,253
4335,BUY,0,9994,18
4335,BUY,1,9992,28
4335,BUY,2,9991,41
4335,BUY,3,9990,89
4335,BUY,4,9989,30
4335,SELL,0,9996,179
4335,SELL,1,9997,619
4335,SELL,2,9998,363
4335,SELL,3,9999,258
4335,SELL,4,10000,238
4385,BUY,0,9996,61
4385,BUY,1,9995,40
4385,BUY,2,9991,10
4385,BUY,3,9990,89
4385,BUY,4,9989,30
4385,SELL,0,9997,347
4385,SELL,1,9998,363
4385,SELL,2,9999,287
4385,SELL,3,10000,251
4385,SELL,4,10001,237
4435,BUY,0,9996,44
4435,BUY,1,9995,42
4435,BUY,2,9993,76
4435,BUY,3,9992,40
4435,BUY,4,9991,54
4435,SELL,0,9997,302
4435,SELL,1,9998,403
4435,SELL,2,9999,327
4435,SELL,3,10000,379
4435,SELL,4,10001,270
4485,BUY,0,9993,134
4485,BUY,1,9992,237
4485,BUY,2,9991,121
4485,BUY,3,9990,191
4485,BUY,4,9989,71
4485,SELL,0,9997,384
4485,SELL,1,9998,403
4485,SELL,2,9999,342
4485,SELL,3,10000,413
4485,SELL,4,10001,270
4535,BUY,0,9993,54
4535,BUY,1,9992,202
4535,BUY,2,9991,183
4535,BUY,3,9990,191
4535,BUY,4,9989,119
4535,SELL,0,9994,45
4535,SELL,1,9995,7
4535,SELL,2,9996,63
4535,SELL,3,9997,381
4535,SELL,4,9998,403
4587,BUY,0,9992,76
4587,BUY,1,9991,232
4587,BUY,2,9990,222
4587,BUY,3,9989,206
4587,BUY,4,9988,196
4587,SELL,0,9994,6
4587,SELL,1,9995,11
4587,SELL,2,9996,63
4587,SELL,3,9997,413
4587,SELL,4,9998,403
4637,BUY,0,9991,276
4637,BUY,1,9990,217
4637,BUY,2,9989,242
4637,BUY,3,9988,241
4637,BUY,4,9987,444
4637,SELL,0,9993,16
4637,SELL,1,9994,65
4637,SELL,2,9995,59
4637,SELL,3,9996,125
4637,SELL,4,9997,441
4687,BUY,0,9992,17
4687,BUY,1,9991,328
4687,BUY,2,9990,218
4687,BUY,3,9989,311
4687,BUY,4,9988,286
4687,SELL,0,9993,53
4687,SELL,1,9994,3
4687,SELL,2,9995,127
4687,SELL,3,9996,285
4687,SELL,4,9997,492
4737,BUY,0,9993,44
4737,BUY,1,9992,8
4737,BUY,2,9991,371
4737,BUY,3,9990,330
4737,BUY,4,9989,352
4737,SELL,0,9994,53
4737,SELL,1,9995,172
4737,SELL,2,9996,359
4737,SELL,3,9997,548
4737,SELL,4,9998,453
4787,BUY,0,9991,243
4787,BUY,1,9990,330
4787,BUY,2,9989,328
4787,BUY,3,9988,478
4787,BUY,4,9987,534
4787,SELL,0,9992,47
4787,SELL,1,9993,16
4787,SELL,2,9994,59
4787,SELL,3,9995,175
4787,SELL,4,9996,360
4839,BUY,0,9990,176
4839,BUY,1,9989,287
4839,BUY,2,9988,466
4839,BUY,3,9987,574
4839,BUY,4,9986,1005
4839,SELL,0,9992,9
4839,SELL,1,9993,16
4839,SELL,2,9994,59
4839,SELL,3,9995,172
4839,SELL,4,9996,360
4889,BUY,0,9989,207
4889,BUY,1,9988,466
4889,BUY,2,9987,574
4889,BUY,3,9986,966
4889,BUY,4,9985,376
4889,SELL,0,9992,1
4889,SELL,1,9993,16
4889,SELL,2,9994,59
4889,SELL,3,9995,172
4889,SELL,4,9996,360
4939,BUY,0,9988,242
4939,BUY,1,9987,574
4939,BUY,2,9986,966
4939,BUY,3,9985,376
4939,BUY,4,9984,253
4939,SELL,0,9994,31
4939,SELL,1,9995,172
4939,SELL,2,9996,360
4939,SELL,3,9997,515
4939,SELL,4,9998,453
4989,BUY,0,9987,467
4989,BUY,1,9986,966
4989,BUY,2,9985,376
4989,BUY,3,9984,253
4989,BUY,4,9983,505
4989,SELL,0,9988,27
4989,SELL,1,9989,1
4989,SELL,2,9990,23
4989,SELL,3,9991,122
4989,SELL,4,9994,31
5039,BUY,0,9987,306
5039,BUY,1,9986,1011
5039,BUY,2,9985,409
5039,BUY,3,9984,253
5039,BUY,4,9983,587
5039,SELL,0,9988,90
5039,SELL,1,9989,78
5039,SELL,2,9990,6
5039,SELL,3,9991,169
5039,SELL,4,9994,31
5091,BUY,0,9987,78
5091,BUY,1,9986,1011
5091,BUY,2,9985,390
5091,BUY,3,9984,253
5091,BUY,4,9983,587
5091,SELL,0,9988,70
5091,SELL,1,9989,59
5091,SELL,2,9990,6
5091,SELL,3,9991,169
5091,SELL,4,9994,31
5141,BUY,0,9986,750
5141,BUY,1,9985,376
5141,BUY,2,9984,253
5141,BUY,3,9983,548
5141,BUY,4,9982,696
5141,SELL,0,9989,49
5141,SELL,1,9990,6
5141,SELL,2,9991,169
5141,SELL,3,9994,31
5141,SELL,4,9995,172
5191,BUY,0,9986,365
5191,BUY,1,9985,376
5191,BUY,2,9984,253
5191,BUY,3,9983,548
5191,BUY,4,9982,696
5191,SELL,0,9991,142
5191,SELL,1,9994,31
5191,SELL,2,9995,172
5191,SELL,3,9996,360
5191,SELL,4,9997,515
5241,BUY,0,9986,55
5241,BUY,1,9985,343
5241,BUY,2,9984,247
5241,BUY,3,9983,509
5241,BUY,4,9982,696
5241,SELL,0,9991,17
5241,SELL,1,9994,31
5241,SELL,2,9995,172
5241,SELL,3,9996,360
5241,SELL,4,9997,515
5291,BUY,0,9985,65
5291,BUY,1,9984,247
5291,BUY,2,9983,509
5291,BUY,3,9982,696
5291,BUY,4,9981,286
5291,SELL,0,9995,66
5291,SELL,1,9996,360
5291,SELL,2,9997,515
5291,SELL,3,9998,453
5291,SELL,4,9999,254
5343,BUY,0,9983,317
5343,BUY,1,9982,696
5343,BUY,2,9981,286
5343,BUY,3,9980,495
5343,BUY,4,9979,500
5343,SELL,0,9996,320
5343,SELL,1,9997,505
5343,SELL,2,9998,453
5343,SELL,3,9999,254
5343,SELL,4,10000,341
5393,BUY,0,9982,515
5393,BUY,1,9981,286
5393,BUY,2,9980,469
5393,BUY,3,9979,463
5393,BUY,4,9978,150
5393,SELL,0,9996,149
5393,SELL,1,9997,499
5393,SELL,2,9998,453
5393,SELL,3,9999,254
5393,SELL,4,10000,341
5443,BUY,0,9981,256
5443,BUY,1,9980,438
5443,BUY,2,9979,416
5443,BUY,3,9978,150
5443,BUY,4,9977,39
5443,SELL,0,9996,11
5443,SELL,1,9997,499
5443,SELL,2,9998,453
5443,SELL,3,9999,254
5443,SELL,4,10000,337
5493,BUY,0,9980,238
5493,BUY,1,9979,416
5493,BUY,2,9978,150
5493,BUY,3,9977,39
5493,BUY,4,9976,132
5493,SELL,0,9997,377
5493,SELL,1,9998,453
5493,SELL,2,9999,254
5493,SELL,3,10000,287
5493,SELL,4,10001,270
5543,BUY,0,9979,220
5543,BUY,1,9978,118
5543,BUY,2,9977,39
5543,BUY,3,9976,132
5543,BUY,4,9975,146
5543,SELL,0,9997,305
5543,SELL,1,9998,406
5543,SELL,2,9999,254
5543,SELL,3,10000,287
5543,SELL,4,10001,270
5595,BUY,0,9976,80
5595,BUY,1,9975,146
5595,BUY,2,9974,196
5595,BUY,3,9973,69
5595,BUY,4,9972,89
5595,SELL,0,9997,279
5595,SELL,1,9998,406
5595,SELL,2,9999,206
5595,SELL,3,10000,287
5595,SELL,4,10001,270
5645,BUY,0,9974,30
5645,BUY,1,9973,69
5645,BUY,2,9972,89
5645,BUY,3,9971,98
5645,BUY,4,9970,115
5645,SELL,0,9976,135
5645,SELL,1,9997,274
5645,SELL,2,9998,406
5645,SELL,3,9999,206
5645,SELL,4,10000,287
5695,BUY,0,9973,97
5695,BUY,1,9972,172
5695,BUY,2,9971,176
5695,BUY,3,9970,219
5695,BUY,4,9969,93
5695,SELL,0,9974,24
5695,SELL,1,9975,16
5695,SELL,2,9976,96
5695,SELL,3,9977,9
5695,SELL,4,9978,50
5745,BUY,0,9972,278
5745,BUY,1,9971,171
5745,BUY,2,9970,219
5745,BUY,3,9969,149
5745,BUY,4,9968,258
5745,SELL,0,9975,37
5745,SELL,1,9976,108
5745,SELL,2,9977,26
5745,SELL,3,9978,177
5745,SELL,4,9979,56
5795,BUY,0,9975,27
5795,BUY,1,9974,82
5795,BUY,2,9973,67
5795,BUY,3,9972,232
5795,BUY,4,9971,171
5795,SELL,0,9976,48
5795,SELL,1,9977,65
5795,SELL,2,9978,227
5795,SELL,3,9979,80
5795,SELL,4,9980,45
5847,BUY,0,9973,24
5847,BUY,1,9972,276
5847,BUY,2,9971,229
5847,BUY,3,9970,182
5847,BUY,4,9969,155
5847,SELL,0,9975,5
5847,SELL,1,9976,49
5847,SELL,2,9977,78
5847,SELL,3,9978,282
5847,SELL,4,9979,90
5897,BUY,0,9972,203
5897,BUY,1,9971,252
5897,BUY,2,9970,220
5897,BUY,3,9969,277
5897,BUY,4,9968,305
5897,SELL,0,9973,22
5897,SELL,1,9974,44
5897,SELL,2,9975,112
5897,SELL,3,9976,124
5897,SELL,4,9977,93
5947,BUY,0,9972,182
5947,BUY,1,9971,280
5947,BUY,2,9970,220
5947,BUY,3,9969,277
5947,BUY,4,9968,392
5947,SELL,0,9973,56
5947,SELL,1,9975,121
5947,SELL,2,9976,204
5947,SELL,3,9977,172
5947,SELL,4,9978,355
5997,BUY,0,9971,285
5997,BUY,1,9970,295
5997,BUY,2,9969,345
5997,BUY,3,9968,466
5997,BUY,4,9967,377
5997,SELL,0,9973,130
5997,SELL,1,9974,97
5997,SELL,2,9975,135
5997,SELL,3,9976,228
5997,SELL,4,9977,228
6047,BUY,0,9971,129
6047,BUY,1,9970,299
6047,BUY,2,9969,336
6047,BUY,3,9968,520
6047,BUY,4,9967,390
6047,SELL,0,9972,2
6047,SELL,1,9973,109
6047,SELL,2,9974,139
6047,SELL,3,9975,190
6047,SELL,4,9976,267
6099,BUY,0,9970,98
6099,BUY,1,9969,336
6099,BUY,2,9968,481
6099,BUY,3,9967,356
6099,BUY,4,9966,409
6099,SELL,0,9974,70
6099,SELL,1,9975,190
6099,SELL,2,9976,267
6099,SELL,3,9977,267
6099,SELL,4,9978,355
6149,BUY,0,9969,98
6149,BUY,1,9968,481
6149,BUY,2,9967,344
6149,BUY,3,9966,361
6149,BUY,4,9965,131
6149,SELL,0,9974,60
6149,SELL,1,9975,190
6149,SELL,2,9976,235
6149,SELL,3,9977,267
6149,SELL,4,9978,305
6199,BUY,0,9968,146
6199,BUY,1,9967,344
6199,BUY,2,9966,361
6199,BUY,3,9965,131
6199,BUY,4,9964,292
6199,SELL,0,9975,156
6199,SELL,1,9976,200
6199,SELL,2,9977,267
6199,SELL,3,9978,305
6199,SELL,4,9979,107
6249,BUY,0,9966,304
6249,BUY,1,9965,131
6249,BUY,2,9964,292
6249,BUY,3,9963,243
6249,BUY,4,9962,194
6249,SELL,0,9975,131
6249,SELL,1,9976,179
6249,SELL,2,9977,267
6249,SELL,3,9978,305
6249,SELL,4,9979,107
6299,BUY,0,9965,29
6299,BUY,1,9964,292
6299,BUY,2,9963,243
6299,BUY,3,9962,194
6299,BUY,4,9961,128
6299,SELL,0,9975,51
6299,SELL,1,9976,153
6299,SELL,2,9977,267
6299,SELL,3,9978,305
6299,SELL,4,9979,107
6351,BUY,0,9962,65
6351,BUY,1,9961,128
6351,BUY,2,9960,123
6351,BUY,3,9959,129
6351,BUY,4,9958,83
6351,SELL,0,9976,141
6351,SELL,1,9977,267
6351,SELL,2,9978,263
6351,SELL,3,9979,107
6351,SELL,4,9980,45
6401,BUY,0,9960,10
6401,BUY,1,9959,129
6401,BUY,2,9958,64
6401,BUY,3,9957,19
6401,BUY,4,9956,52
6401,SELL,0,9961,89
6401,SELL,1,9976,119
6401,SELL,2,9977,267
6401,SELL,3,9978,263
6401,SELL,4,9979,107
6451,BUY,0,9954,60
6451,BUY,1,9953,176
6451,BUY,2,9952,101
6451,BUY,3,9951,378
6451,BUY,4,9950,135
6451,SELL,0,9958,3
6451,SELL,1,9961,58
6451,SELL,2,9976,119
6451,SELL,3,9977,267
6451,SELL,4,9978,263
6501,BUY,0,9952,94
6501,BUY,1,9951,378
6501,BUY,2,9950,197
6501,BUY,3,9949,313
6501,BUY,4,9948,146
6501,SELL,0,9954,33
6501,SELL,1,9955,84
6501,SELL,2,9961,54
6501,SELL,3,9976,119
6501,SELL,4,9977,267
6551,BUY,0,9951,266
6551,BUY,1,9950,248
6551,BUY,2,9949,317
6551,BUY,3,9948,177
6551,BUY,4,9947,107
6551,SELL,0,9952,104
6551,SELL,1,9953,56
6551,SELL,2,9954,74
6551,SELL,3,9955,70
6551,SELL,4,9961,48
6603,BUY,0,9950,151
6603,BUY,1,9949,311
6603,BUY,2,9948,213
6603,BUY,3,9947,107
6603,BUY,4,9946,409
6603,SELL,0,9952,170
6603,SELL,1,9953,56
6603,SELL,2,9954,42
6603,SELL,3,9955,70
6603,SELL,4,9961,48
6653,BUY,0,9949,147
6653,BUY,1,9948,213
6653,BUY,2,9947,107
6653,BUY,3,9946,409
6653,BUY,4,9945,149
6653,SELL,0,9950,44
6653,SELL,1,9952,106
6653,SELL,2,9953,56
6653,SELL,3,9954,42
6653,SELL,4,9955,70
6703,BUY,0,9949,31
6703,BUY,1,9948,219
6703,BUY,2,9947,94
6703,BUY,3,9946,500
6703,BUY,4,9945,240
6703,SELL,0,9950,11
6703,SELL,1,9951,6
6703,SELL,2,9952,97
6703,SELL,3,9953,52
6703,SELL,4,9954,42
6753,BUY,0,9948,156
6753,BUY,1,9947,108
6753,BUY,2,9946,447
6753,BUY,3,9945,245
6753,BUY,4,9944,110
6753,SELL,0,9952,120
6753,SELL,1,9953,73
6753,SELL,2,9954,42
6753,SELL,3,9955,165
6753,SELL,4,9961,48
6803,BUY,0,9946,366
6803,BUY,1,9945,252
6803,BUY,2,9944,110
6803,BUY,3,9943,122
6803,BUY,4,9942,258
6803,SELL,0,9947,25
6803,SELL,1,9948,48
6803,SELL,2,9949,49
6803,SELL,3,9952,18
6803,SELL,4,9953,73
6855,BUY,0,9946,33
6855,BUY,1,9945,230
6855,BUY,2,9944,96
6855,BUY,3,9943,131
6855,BUY,4,9942,257
6855,SELL,0,9948,2
6855,SELL,1,9949,30
6855,SELL,2,9952,18
6855,SELL,3,9953,73
6855,SELL,4,9954,42
6905,BUY,0,9942,166
6905,BUY,1,9941,131
6905,BUY,2,9940,32
6905,BUY,3,9939,192
6905,BUY,4,9938,21
6905,SELL,0,9949,9
6905,SELL,1,9952,18
6905,SELL,2,9953,73
6905,SELL,3,9954,42
6905,SELL,4,9955,165
6955,BUY,0,9939,45
6955,BUY,1,9938,14
6955,BUY,2,9937,276
6955,BUY,3,9936,71
6955,BUY,4,9935,88
6955,SELL,0,9940,8
6955,SELL,1,9942,1
6955,SELL,2,9952,16
6955,SELL,3,9953,73
6955,SELL,4,9954,42
7005,BUY,0,9937,206
7005,BUY,1,9936,115
7005,BUY,2,9935,88
7005,BUY,3,9934,46
7005,BUY,4,9933,43
7005,SELL,0,9939,53
7005,SELL,1,9940,27
7005,SELL,2,9942,91
7005,SELL,3,9943,79
7005,SELL,4,9952,1
7055,BUY,0,9934,27
7055,BUY,1,9933,43
7055,BUY,2,9932,129
7055,BUY,3,9931,95
7055,BUY,4,9930,107
7055,SELL,0,9938,90
7055,SELL,1,9939,17
7055,SELL,2,9940,40
7055,SELL,3,9942,91
7055,SELL,4,9943,79
7107,BUY,0,9934,25
7107,BUY,1,9933,106
7107,BUY,2,9932,193
7107,BUY,3,9931,116
7107,BUY,4,9930,140
7107,SELL,0,9935,44
7107,SELL,1,9936,151
7107,SELL,2,9937,103
7107,SELL,3,9938,223
7107,SELL,4,9939,27
7157,BUY,0,9934,69
7157,BUY,1,9933,125
7157,BUY,2,9932,246
7157,BUY,3,9931,184
7157,BUY,4,9930,140
7157,SELL,0,9936,113
7157,SELL,1,9937,133
7157,SELL,2,9938,320
7157,SELL,3,9939,48
7157,SELL,4,9940,145
7207,BUY,0,9933,140
7207,BUY,1,9932,286
7207,BUY,2,9931,227
7207,BUY,3,9930,182
7207,BUY,4,9929,62
7207,SELL,0,9935,23
7207,SELL,1,9936,130
7207,SELL,2,9937,200
7207,SELL,3,9938,332
7207,SELL,4,9939,67
7257,BUY,0,9932,190
7257,BUY,1,9931,227
7257,BUY,2,9930,182
7257,BUY,3,9929,81
7257,BUY,4,9928,229
7257,SELL,0,9933,40
7257,SELL,1,9934,111
7257,SELL,2,9935,48
7257,SELL,3,9936,150
7257,SELL,4,9937,200
7307,BUY,0,9932,85
7307,BUY,1,9931,227
7307,BUY,2,9930,224
7307,BUY,3,9929,157
7307,BUY,4,9928,249
7307,SELL,0,9934,81
7307,SELL,1,9935,79
7307,SELL,2,9936,210
7307,SELL,3,9937,200
7307,SELL,4,9938,320
7359,BUY,0,9935,42
7359,BUY,1,9934,28
7359,BUY,2,9933,53
7359,BUY,3,9932,129
7359,BUY,4,9931,227
7359,SELL,0,9936,233
7359,SELL,1,9937,218
7359,SELL,2,9938,393
7359,SELL,3,9939,137
7359,SELL,4,9940,187
7409,BUY,0,9934,4
7409,BUY,1,9933,95
7409,BUY,2,9932,180
7409,BUY,3,9931,277
7409,BUY,4,9930,317
7409,SELL,0,9935,6
7409,SELL,1,9936,142
7409,SELL,2,9937,218
7409,SELL,3,9938,473
7409,SELL,4,9939,214
7459,BUY,0,9934,7
7459,BUY,1,9933,79
7459,BUY,2,9932,177
7459,BUY,3,9931,277
7459,BUY,4,9930,317
7459,SELL,0,9937,246
7459,SELL,1,9938,411
7459,SELL,2,9939,214
7459,SELL,3,9940,284
7459,SELL,4,9941,228
7509,BUY,0,9936,18
7509,BUY,1,9935,88
7509,BUY,2,9934,36
7509,BUY,3,9933,114
7509,BUY,4,9932,204
7509,SELL,0,9937,149
7509,SELL,1,9938,508
7509,SELL,2,9939,236
7509,SELL,3,9940,293
7509,SELL,4,9941,226
7559,BUY,0,9933,26
7559,BUY,1,9932,238
7559,BUY,2,9931,344
7559,BUY,3,9930,306
7559,BUY,4,9929,303
7559,SELL,0,9936,6
7559,SELL,1,9937,198
7559,SELL,2,9938,513
7559,SELL,3,9939,231
7559,SELL,4,9940,324
7611,BUY,0,9932,2
7611,BUY,1,9931,397
7611,BUY,2,9930,349
7611,BUY,3,9929,306
7611,BUY,4,9928,378
7611,SELL,0,9933,15
7611,SELL,1,9936,70
7611,SELL,2,9937,326
7611,SELL,3,9938,513
7611,SELL,4,9939,231
7661,BUY,0,9932,16
7661,BUY,1,9931,471
7661,BUY,2,9930,381
7661,BUY,3,9929,339
7661,BUY,4,9928,294
7661,SELL,0,9934,51
7661,SELL,1,9936,164
7661,SELL,2,9937,335
7661,SELL,3,9938,493
7661,SELL,4,9939,323
7711,BUY,0,9931,577
7711,BUY,1,9930,430
7711,BUY,2,9929,346
7711,BUY,3,9928,294
7711,BUY,4,9927,95
7711,SELL,0,9934,22
7711,SELL,1,9935,69
7711,SELL,2,9936,267
7711,SELL,3,9937,441
7711,SELL,4,9938,554
7761,BUY,0,9934,22
7761,BUY,1,9933,96
7761,BUY,2,9932,8
7761,BUY,3,9931,619
7761,BUY,4,9930,452
7761,SELL,0,9935,39
7761,SELL,1,9936,267
7761,SELL,2,9937,446
7761,SELL,3,9938,627
7761,SELL,4,9939,462
7811,BUY,0,9935,38
7811,BUY,1,9934,46
7811,BUY,2,9933,208
7811,BUY,3,9932,127
7811,BUY,4,9931,619
7811,SELL,0,9936,140
7811,SELL,1,9937,462
7811,SELL,2,9938,593
7811,SELL,3,9939,482
7811,SELL,4,9940,777
7863,BUY,0,9934,43
7863,BUY,1,9933,239
7863,BUY,2,9932,136
7863,BUY,3,9931,632
7863,BUY,4,9930,452
7863,SELL,0,9935,9
7863,SELL,1,9936,65
7863,SELL,2,9937,489
7863,SELL,3,9938,562
7863,SELL,4,9939,538
7913,BUY,0,9933,212
7913,BUY,1,9932,156
7913,BUY,2,9931,699
7913,BUY,3,9930,539
7913,BUY,4,9929,370
7913,SELL,0,9935,67
7913,SELL,1,9936,43
7913,SELL,2,9937,502
7913,SELL,3,9938,707
7913,SELL,4,9939,500
7963,BUY,0,9933,80
7963,BUY,1,9932,114
7963,BUY,2,9931,683
7963,BUY,3,9930,585
7963,BUY,4,9929,396
7963,SELL,0,9935,130
7963,SELL,1,9936,43
7963,SELL,2,9937,630
7963,SELL,3,9938,707
7963,SELL,4,9939,500
8013,BUY,0,9931,400
8013,BUY,1,9930,585
8013,BUY,2,9929,396
8013,BUY,3,9928,401
8013,BUY,4,9927,139
8013,SELL,0,9932,66
8013,SELL,1,9935,44
8013,SELL,2,9936,43
8013,SELL,3,9937,612
8013,SELL,4,9938,692
8063,BUY,0,9931,100
8063,BUY,1,9930,585
8063,BUY,2,9929,396
8063,BUY,3,9928,450
8063,BUY,4,9927,218
8063,SELL,0,9932,71
8063,SELL,1,9933,114
8063,SELL,2,9934,40
8063,SELL,3,9935,65
8063,SELL,4,9936,43
8115,BUY,0,9930,411
8115,BUY,1,9929,396
8115,BUY,2,9928,500
8115,BUY,3,9927,356
8115,BUY,4,9926,261
8115,SELL,0,9932,131
8115,SELL,1,9933,151
8115,SELL,2,9934,41
8115,SELL,3,9935,65
8115,SELL,4,9936,90
8165,BUY,0,9931,32
8165,BUY,1,9930,406
8165,BUY,2,9929,450
8165,BUY,3,9928,493
8165,BUY,4,9927,387
8165,SELL,0,9932,81
8165,SELL,1,9933,114
8165,SELL,2,9934,91
8165,SELL,3,9935,101
8165,SELL,4,9936,90
8215,BUY,0,9931,6
8215,BUY,1,9930,342
8215,BUY,2,9929,510
8215,BUY,3,9928,522
8215,BUY,4,9927,501
8215,SELL,0,9932,174
8215,SELL,1,9933,160
8215,SELL,2,9934,205
8215,SELL,3,9935,109
8215,SELL,4,9936,130
8265,BUY,0,9930,239
8265,BUY,1,9929,611
8265,BUY,2,9928,612
8265,BUY,3,9927,602
8265,BUY,4,9926,318
8265,SELL,0,9931,22
8265,SELL,1,9932,214
8265,SELL,2,9933,197
8265,SELL,3,9934,290
8265,SELL,4,9935,149
8315,BUY,0,9930,161
8315,BUY,1,9929,611
8315,BUY,2,9928,612
8315,BUY,3,9927,668
8315,BUY,4,9926,354
8315,SELL,0,9931,14
8315,SELL,1,9932,77
8315,SELL,2,9933,235
8315,SELL,3,9934,373
8315,SELL,4,9935,149
8367,BUY,0,9930,69
8367,BUY,1,9929,662
8367,BUY,2,9928,681
8367,BUY,3,9927,634
8367,BUY,4,9926,354
8367,SELL,0,9931,109
8367,SELL,1,9932,124
8367,SELL,2,9933,241
8367,SELL,3,9934,419
8367,SELL,4,9935,149
8417,BUY,0,9930,71
8417,BUY,1,9929,583
8417,BUY,2,9928,771
8417,BUY,3,9927,619
8417,BUY,4,9926,354
8417,SELL,0,9932,177
8417,SELL,1,9933,237
8417,SELL,2,9934,526
8417,SELL,3,9935,203
8417,SELL,4,9936,325
8467,BUY,0,9931,13
8467,BUY,1,9930,47
8467,BUY,2,9929,703
8467,BUY,3,9928,917
8467,BUY,4,9927,643
8467,SELL,0,9932,58
8467,SELL,1,9933,236
8467,SELL,2,9934,685
8467,SELL,3,9935,360
8467,SELL,4,9936,401
8517,BUY,0,9932,6
8517,BUY,1,9930,41
8517,BUY,2,9929,750
8517,BUY,3,9928,871
8517,BUY,4,9927,643
8517,SELL,0,9933,183
8517,SELL,1,9934,685
8517,SELL,2,9935,432
8517,SELL,3,9936,420
8517,SELL,4,9937,926
8567,BUY,0,9931,29
8567,BUY,1,9930,40
8567,BUY,2,9929,824
8567,BUY,3,9928,909
8567,BUY,4,9927,731
8567,SELL,0,9933,283
8567,SELL,1,9934,746
8567,SELL,2,9935,450
8567,SELL,3,9936,420
8567,SELL,4,9937,921
8619,BUY,0,9930,29
8619,BUY,1,9929,837
8619,BUY,2,9928,922
8619,BUY,3,9927,783
8619,BUY,4,9926,417
8619,SELL,0,9932,20
8619,SELL,1,9933,246
8619,SELL,2,9934,703
8619,SELL,3,9935,533
8619,SELL,4,9936,420
8669,BUY,0,9929,632
8669,BUY,1,9928,845
8669,BUY,2,9927,784
8669,BUY,3,9926,473
8669,BUY,4,9925,508
8669,SELL,0,9930,12
8669,SELL,1,9931,60
8669,SELL,2,9932,209
8669,SELL,3,9933,246
8669,SELL,4,9934,664
8719,BUY,0,9929,274
8719,BUY,1,9928,845
8719,BUY,2,9927,730
8719,BUY,3,9926,473
8719,BUY,4,9925,537
8719,SELL,0,9930,12
8719,SELL,1,9931,95
8719,SELL,2,9932,209
8719,SELL,3,9933,273
8719,SELL,4,9934,664
8769,BUY,0,9928,686
8769,BUY,1,9927,730
8769,BUY,2,9926,473
8769,BUY,3,9925,537
8769,BUY,4,9924,237
8769,SELL,0,9931,7
8769,SELL,1,9932,209
8769,SELL,2,9933,273
8769,SELL,3,9934,664
8769,SELL,4,9935,533
8819,BUY,0,9928,385
8819,BUY,1,9927,730
8819,BUY,2,9926,473
8819,BUY,3,9925,533
8819,BUY,4,9924,237
8819,SELL,0,9932,139
8819,SELL,1,9933,273
8819,SELL,2,9934,664
8819,SELL,3,9935,533
8819,SELL,4,9936,371
8871,BUY,0,9928,83
8871,BUY,1,9927,730
8871,BUY,2,9926,473
8871,BUY,3,9925,535
8871,BUY,4,9924,187
8871,SELL,0,9929,25
8871,SELL,1,9930,28
8871,SELL,2,9932,98
8871,SELL,3,9933,273
8871,SELL,4,9934,664
8921,BUY,0,9927,472
8921,BUY,1,9926,473
8921,BUY,2,9925,533
8921,BUY,3,9924,187
8921,BUY,4,9923,293
8921,SELL,0,9928,2
8921,SELL,1,9929,9
8921,SELL,2,9930,8
8921,SELL,3,9932,98
8921,SELL,4,9933,273
8971,BUY,0,9927,95
8971,BUY,1,9926,497
8971,BUY,2,9925,564
8971,BUY,3,9924,236
8971,BUY,4,9923,418
8971,SELL,0,9928,93
8971,SELL,1,9929,85
8971,SELL,2,9930,43
8971,SELL,3,9932,98
8971,SELL,4,9933,273
9021,BUY,0,9927,90
9021,BUY,1,9926,512
9021,BUY,2,9925,586
9021,BUY,3,9924,250
9021,BUY,4,9923,441
9021,SELL,0,9928,3
9021,SELL,1,9929,78
9021,SELL,2,9930,106
9021,SELL,3,9931,79
9021,SELL,4,9932,175
9071,BUY,0,9928,20
9071,BUY,1,9927,106
9071,BUY,2,9926,525
9071,BUY,3,9925,754
9071,BUY,4,9924,340
9071,SELL,0,9929,5
9071,SELL,1,9930,141
9071,SELL,2,9931,169
9071,SELL,3,9932,327
9071,SELL,4,9933,357
9123,BUY,0,9927,84
9123,BUY,1,9926,553
9123,BUY,2,9925,789
9123,BUY,3,9924,437
9123,BUY,4,9923,459
9123,SELL,0,9930,141
9123,SELL,1,9931,283
9123,SELL,2,9932,345
9123,SELL,3,9933,443
9123,SELL,4,9934,710
9173,BUY,0,9928,6
9173,BUY,1,9927,72
9173,BUY,2,9926,652
9173,BUY,3,9925,789
9173,BUY,4,9924,497
9173,SELL,0,9930,88
9173,SELL,1,9931,385
9173,SELL,2,9932,411
9173,SELL,3,9933,494
9173,SELL,4,9934,710
9223,BUY,0,9927,81
9223,BUY,1,9926,676
9223,BUY,2,9925,894
9223,BUY,3,9924,548
9223,BUY,4,9923,460
9223,SELL,0,9930,107
9223,SELL,1,9931,465
9223,SELL,2,9932,486
9223,SELL,3,9933,520
9223,SELL,4,9934,668
9273,BUY,0,9926,467
9273,BUY,1,9925,912
9273,BUY,2,9924,552
9273,BUY,3,9923,460
9273,BUY,4,9922,332
9273,SELL,0,9927,51
9273,SELL,1,9928,79
9273,SELL,2,9929,3
9273,SELL,3,9930,98
9273,SELL,4,9931,468
9323,BUY,0,9926,437
9323,BUY,1,9925,898
9323,BUY,2,9924,629
9323,BUY,3,9923,488
9323,BUY,4,9922,362
9323,SELL,0,9930,125
9323,SELL,1,9931,433
9323,SELL,2,9932,401
9323,SELL,3,9933,508
9323,SELL,4,9934,661
9375,BUY,0,9926,319
9375,BUY,1,9925,880
9375,BUY,2,9924,629
9375,BUY,3,9923,522
9375,BUY,4,9922,447
9375,SELL,0,9927,67
9375,SELL,1,9928,64
9375,SELL,2,9929,48
9375,SELL,3,9930,125
9375,SELL,4,9931,440
9425,BUY,0,9927,52
9425,BUY,1,9926,211
9425,BUY,2,9925,857
9425,BUY,3,9924,703
9425,BUY,4,9923,532
9425,SELL,0,9928,71
9425,SELL,1,9929,48
9425,SELL,2,9930,228
9425,SELL,3,9931,475
9425,SELL,4,9932,427
9475,BUY,0,9926,258
9475,BUY,1,9925,918
9475,BUY,2,9924,764
9475,BUY,3,9923,631
9475,BUY,4,9922,523
9475,SELL,0,9928,44
9475,SELL,1,9929,117
9475,SELL,2,9930,328
9475,SELL,3,9931,522
9475,SELL,4,9932,419
9525,BUY,0,9928,5
9525,BUY,1,9927,90
9525,BUY,2,9926,216
9525,BUY,3,9925,1013
9525,BUY,4,9924,898
9525,SELL,0,9929,146
9525,SELL,1,9930,399
9525,SELL,2,9931,529
9525,SELL,3,9932,456
9525,SELL,4,9933,739
9575,BUY,0,9926,246
9575,BUY,1,9925,1119
9575,BUY,2,9924,998
9575,BUY,3,9923,732
9575,BUY,4,9922,546
9575,SELL,0,9928,18
9575,SELL,1,9929,154
9575,SELL,2,9930,399
9575,SELL,3,9931,529
9575,SELL,4,9932,463
9627,BUY,0,9926,254
9627,BUY,1,9925,1215
9627,BUY,2,9924,990
9627,BUY,3,9923,732
9627,BUY,4,9922,545
9627,SELL,0,9928,13
9627,SELL,1,9929,17
9627,SELL,2,9930,475
9627,SELL,3,9931,561
9627,SELL,4,9932,560
9677,BUY,0,9926,56
9677,BUY,1,9925,1202
9677,BUY,2,9924,1084
9677,BUY,3,9923,744
9677,BUY,4,9922,658
9677,SELL,0,9927,57
9677,SELL,1,9929,33
9677,SELL,2,9930,475
9677,SELL,3,9931,643
9677,SELL,4,9932,560
9727,BUY,0,9926,8
9727,BUY,1,9925,1206
9727,BUY,2,9924,1084
9727,BUY,3,9923,747
9727,BUY,4,9922,668
9727,SELL,0,9929,59
9727,SELL,1,9930,525
9727,SELL,2,9931,724
9727,SELL,3,9932,581
9727,SELL,4,9933,747
9777,BUY,0,9927,13
9777,BUY,1,9926,81
9777,BUY,2,9925,1298
9777,BUY,3,9924,1072
9777,BUY,4,9923,679
9777,SELL,0,9928,16
9777,SELL,1,9929,23
9777,SELL,2,9930,604
9777,SELL,3,9931,724
9777,SELL,4,9932,596
9827,BUY,0,9929,22
9827,BUY,1,9928,43
9827,BUY,2,9927,56
9827,BUY,3,9926,143
9827,BUY,4,9925,1280
9827,SELL,0,9930,364
9827,SELL,1,9931,729
9827,SELL,2,9932,632
9827,SELL,3,9933,808
9827,SELL,4,9934,872
9879,BUY,0,9929,55
9879,BUY,1,9928,9
9879,BUY,2,9927,57
9879,BUY,3,9926,154
9879,BUY,4,9925,1280
9879,SELL,0,9930,233
9879,SELL,1,9931,695
9879,SELL,2,9932,689
9879,SELL,3,9933,869
9879,SELL,4,9934,902
9929,BUY,0,9928,55
9929,BUY,1,9927,69
9929,BUY,2,9926,154
9929,BUY,3,9925,1280
9929,BUY,4,9924,1072
9929,SELL,0,9930,39
9929,SELL,1,9931,701
9929,SELL,2,9932,653
9929,SELL,3,9933,895
9929,SELL,4,9934,928
9979,BUY,0,9930,73
9979,BUY,1,9929,69
9979,BUY,2,9928,66
9979,BUY,3,9927,69
9979,BUY,4,9926,154
9979,SELL,0,9931,379
9979,SELL,1,9932,628
9979,SELL,2,9933,908
9979,SELL,3,9934,930
9979,SELL,4,9935,871
10029,BUY,0,9930,123
10029,BUY,1,9929,69
10029,BUY,2,9928,66
10029,BUY,3,9927,69
10029,BUY,4,9926,154
10029,SELL,0,9931,64
10029,SELL,1,9932,628
10029,SELL,2,9933,908
10029,SELL,3,9934,945
10029,SELL,4,9935,932
10079,BUY,0,9930,80
10079,BUY,1,9929,200
10079,BUY,2,9928,180
10079,BUY,3,9927,79
10079,BUY,4,9926,154
10079,SELL,0,9932,598
10079,SELL,1,9933,886
10079,SELL,2,9934,1009
10079,SELL,3,9935,946
10079,SELL,4,9936,634
10131,BUY,0,9930,236
10131,BUY,1,9929,184
10131,BUY,2,9928,304
10131,BUY,3,9927,79
10131,BUY,4,9926,154
10131,SELL,0,9932,437
10131,SELL,1,9933,871
10131,SELL,2,9934,1085
10131,SELL,3,9935,992
10131,SELL,4,9936,670
10181,BUY,0,9931,18
10181,BUY,1,9930,241
10181,BUY,2,9929,206
10181,BUY,3,9928,320
10181,BUY,4,9927,114
10181,SELL,0,9932,375
10181,SELL,1,9933,882
10181,SELL,2,9934,1092
10181,SELL,3,9935,1017
10181,SELL,4,9936,754
10231,BUY,0,9930,218
10231,BUY,1,9929,368
10231,BUY,2,9928,334
10231,BUY,3,9927,115
10231,BUY,4,9926,162
10231,SELL,0,9932,203
10231,SELL,1,9933,884
10231,SELL,2,9934,1181
10231,SELL,3,9935,1039
10231,SELL,4,9936,721
10281,BUY,0,9931,82
10281,BUY,1,9930,242
10281,BUY,2,9929,426
10281,BUY,3,9928,419
10281,BUY,4,9927,115
10281,SELL,0,9932,29
10281,SELL,1,9933,932
10281,SELL,2,9934,1214
10281,SELL,3,9935,1064
10281,SELL,4,9936,751
10331,BUY,0,9932,36
10331,BUY,1,9931,173
10331,BUY,2,9930,318
10331,BUY,3,9929,402
10331,BUY,4,9928,419
10331,SELL,0,9933,713
10331,SELL,1,9934,1214
10331,SELL,2,9935,1052
10331,SELL,3,9936,764
10331,SELL,4,9937,1193
10383,BUY,0,9932,33
10383,BUY,1,9931,6
10383,BUY,2,9930,339
10383,BUY,3,9929,402
10383,BUY,4,9928,419
10383,SELL,0,9933,494
10383,SELL,1,9934,1214
10383,SELL,2,9935,1080
10383,SELL,3,9936,751
10383,SELL,4,9937,1278
10433,BUY,0,9930,257
10433,BUY,1,9929,354
10433,BUY,2,9928,419
10433,BUY,3,9927,114
10433,BUY,4,9926,162
10433,SELL,0,9933,95
10433,SELL,1,9934,1183
10433,SELL,2,9935,1080
10433,SELL,3,9936,751
10433,SELL,4,9937,1229
10483,BUY,0,9933,34
10483,BUY,1,9930,234
10483,BUY,2,9929,354
10483,BUY,3,9928,419
10483,BUY,4,9927,114
10483,SELL,0,9934,900
10483,SELL,1,9935,1080
10483,SELL,2,9936,734
10483,SELL,3,9937,1229
10483,SELL,4,9938,771
10533,BUY,0,9933,1
10533,BUY,1,9930,72
10533,BUY,2,9929,354
10533,BUY,3,9928,419
10533,BUY,4,9927,114
10533,SELL,0,9934,546
10533,SELL,1,9935,1060
10533,SELL,2,9936,703
10533,SELL,3,9937,1228
10533,SELL,4,9938,837
10583,BUY,0,9931,33
10583,BUY,1,9930,35
10583,BUY,2,9929,354
10583,BUY,3,9928,465
10583,BUY,4,9927,104
10583,SELL,0,9934,396
10583,SELL,1,9935,1060
10583,SELL,2,9936,723
10583,SELL,3,9937,1234
10583,SELL,4,9938,906
10635,BUY,0,9932,37
10635,BUY,1,9931,45
10635,BUY,2,9930,76
10635,BUY,3,9929,390
10635,BUY,4,9928,615
10635,SELL,0,9934,352
10635,SELL,1,9935,1153
10635,SELL,2,9936,781
10635,SELL,3,9937,1287
10635,SELL,4,9938,991
10685,BUY,0,9930,79
10685,BUY,1,9929,421
10685,BUY,2,9928,575
10685,BUY,3,9927,104
10685,BUY,4,9926,171
10685,SELL,0,9933,13
10685,SELL,1,9934,435
10685,SELL,2,9935,1149
10685,SELL,3,9936,876
10685,SELL,4,9937,1355
10735,BUY,0,9929,484
10735,BUY,1,9928,575
10735,BUY,2,9927,170
10735,BUY,3,9926,171
10735,BUY,4,9925,1276
10735,SELL,0,9931,67
10735,SELL,1,9933,36
10735,SELL,2,9934,480
10735,SELL,3,9935,1138
10735,SELL,4,9936,876
10785,BUY,0,9929,258
10785,BUY,1,9928,575
10785,BUY,2,9927,170
10785,BUY,3,9926,176
10785,BUY,4,9925,1280
10785,SELL,0,9931,12
10785,SELL,1,9933,36
10785,SELL,2,9934,480
10785,SELL,3,9935,1138
10785,SELL,4,9936,876
10835,BUY,0,9928,537
10835,BUY,1,9927,170
10835,BUY,2,9926,176
10835,BUY,3,9925,1300
10835,BUY,4,9924,1033
10835,SELL,0,9929,64
10835,SELL,1,9930,24
10835,SELL,2,9931,35
10835,SELL,3,9932,20
10835,SELL,4,9933,36
10887,BUY,0,9930,28
10887,BUY,1,9929,43
10887,BUY,2,9928,516
10887,BUY,3,9927,298
10887,BUY,4,9926,255
10887,SELL,0,9931,29
10887,SELL,1,9932,60
10887,SELL,2,9933,130
10887,SELL,3,9934,533
10887,SELL,4,9935,1180
10937,BUY,0,9929,165
10937,BUY,1,9928,522
10937,BUY,2,9927,364
10937,BUY,3,9926,360
10937,BUY,4,9925,1406
10937,SELL,0,9931,57
10937,SELL,1,9932,119
10937,SELL,2,9933,154
10937,SELL,3,9934,625
10937,SELL,4,9935,1180
10987,BUY,0,9929,140
10987,BUY,1,9928,560
10987,BUY,2,9927,447
10987,BUY,3,9926,369
10987,BUY,4,9925,1376
10987,SELL,0,9931,1
10987,SELL,1,9932,168
10987,SELL,2,9933,228
10987,SELL,3,9934,655
10987,SELL,4,9935,1166
11037,BUY,0,9929,12
11037,BUY,1,9928,540
11037,BUY,2,9927,491
11037,BUY,3,9926,383
11037,BUY,4,9925,1396
11037,SELL,0,9932,216
11037,SELL,1,9933,297
11037,SELL,2,9934,681
11037,SELL,3,9935,1166
11037,SELL,4,9936,900
11087,BUY,0,9928,571
11087,BUY,1,9927,454
11087,BUY,2,9926,384
11087,BUY,3,9925,1455
11087,BUY,4,9924,1170
11087,SELL,0,9929,35
11087,SELL,1,9930,30
11087,SELL,2,9931,15
11087,SELL,3,9932,248
11087,SELL,4,9933,348
11139,BUY,0,9928,370
11139,BUY,1,9927,454
11139,BUY,2,9926,449
11139,BUY,3,9925,1455
11139,BUY,4,9924,1302
11139,SELL,0,9929,50
11139,SELL,1,9930,66
11139,SELL,2,9931,148
11139,SELL,3,9932,265
11139,SELL,4,9933,440
11189,BUY,0,9928,182
11189,BUY,1,9927,454
11189,BUY,2,9926,449
11189,BUY,3,9925,1408
11189,BUY,4,9924,1270
11189,SELL,0,9930,38
11189,SELL,1,9931,148
11189,SELL,2,9932,265
11189,SELL,3,9933,440
11189,SELL,4,9934,646
11239,BUY,0,9927,232
11239,BUY,1,9926,449
11239,BUY,2,9925,1408
11239,BUY,3,9924,1225
11239,BUY,4,9923,786
11239,SELL,0,9931,58
11239,SELL,1,9932,265
11239,SELL,2,9933,440
11239,SELL,3,9934,646
11239,SELL,4,9935,1052
11289,BUY,0,9926,334
11289,BUY,1,9925,1408
11289,BUY,2,9924,1225
11289,BUY,3,9923,786
11289,BUY,4,9922,687
11289,SELL,0,9931,4
11289,SELL,1,9932,265
11289,SELL,2,9933,440
11289,SELL,3,9934,646
11289,SELL,4,9935,1052
11339,BUY,0,9925,1250
11339,BUY,1,9924,1225
11339,BUY,2,9923,786
11339,BUY,3,9922,650
11339,BUY,4,9921,579
11339,SELL,0,9932,212
11339,SELL,1,9933,440
11339,SELL,2,9934,646
11339,SELL,3,9935,1052
11339,SELL,4,9936,816
11391,BUY,0,9925,985
11391,BUY,1,9924,1225
11391,BUY,2,9923,786
11391,BUY,3,9922,650
11391,BUY,4,9921,539
11391,SELL,0,9932,67
11391,SELL,1,9933,440
11391,SELL,2,9934,646
11391,SELL,3,9935,1052
11391,SELL,4,9936,816
11441,BUY,0,9925,397
11441,BUY,1,9924,1225
11441,BUY,2,9923,786
11441,BUY,3,9922,650
11441,BUY,4,9921,539
11441,SELL,0,9933,435
11441,SELL,1,9934,646
11441,SELL,2,9935,1015
11441,SELL,3,9936,816
11441,SELL,4,9937,1142
11491,BUY,0,9925,92
11491,BUY,1,9924,1225
11491,BUY,2,9923,765
11491,BUY,3,9922,611
11491,BUY,4,9921,539
11491,SELL,0,9933,345
11491,SELL,1,9934,643
11491,SELL,2,9935,1015
11491,SELL,3,9936,816
11491,SELL,4,9937,1104
11541,BUY,0,9924,670
11541,BUY,1,9923,765
11541,BUY,2,9922,611
11541,BUY,3,9921,539
11541,BUY,4,9920,206
11541,SELL,0,9933,232
11541,SELL,1,9934,613
11541,SELL,2,9935,1015
11541,SELL,3,9936,784
11541,SELL,4,9937,1104
11591,BUY,0,9924,297
11591,BUY,1,9923,737
11591,BUY,2,9922,609
11591,BUY,3,9921,512
11591,BUY,4,9920,206
11591,SELL,0,9933,232
11591,SELL,1,9934,578
11591,SELL,2,9935,1015
11591,SELL,3,9936,784
11591,SELL,4,9937,1104
11643,BUY,0,9924,42
11643,BUY,1,9923,737
11643,BUY,2,9922,609
11643,BUY,3,9921,490
11643,BUY,4,9920,206
11643,SELL,0,9925,113
11643,SELL,1,9933,166
11643,SELL,2,9934,578
11643,SELL,3,9935,991
11643,SELL,4,9936,784
11693,BUY,0,9923,251
11693,BUY,1,9922,609
11693,BUY,2,9921,490
11693,BUY,3,9920,206
11693,BUY,4,9919,380
11693,SELL,0,9925,82
11693,SELL,1,9933,166
11693,SELL,2,9934,578
11693,SELL,3,9935,991
11693,SELL,4,9936,784
11743,BUY,0,9922,435
11743,BUY,1,9921,490
11743,BUY,2,9920,194
11743,BUY,3,9919,380
11743,BUY,4,9918,158
11743,SELL,0,9923,10
11743,SELL,1,9925,39
11743,SELL,2,9933,166
11743,SELL,3,9934,578
11743,SELL,4,9935,989
11793,BUY,0,9922,123
11793,BUY,1,9921,490
11793,BUY,2,9920,239
11793,BUY,3,9919,404
11793,BUY,4,9918,158
11793,SELL,0,9923,22
11793,SELL,1,9924,8
11793,SELL,2,9925,193
11793,SELL,3,9933,166
11793,SELL,4,9934,578
11843,BUY,0,9921,448
11843,BUY,1,9920,286
11843,BUY,2,9919,517
11843,BUY,3,9918,158
11843,BUY,4,9917,143
11843,SELL,0,9923,7
11843,SELL,1,9924,86
11843,SELL,2,9925,244
11843,SELL,3,9926,69
11843,SELL,4,9927,18
11895,BUY,0,9921,290
11895,BUY,1,9920,376
11895,BUY,2,9919,604
11895,BUY,3,9918,191
11895,BUY,4,9917,189
11895,SELL,0,9922,54
11895,SELL,1,9923,19
11895,SELL,2,9924,79
11895,SELL,3,9925,285
11895,SELL,4,9926,69
11945,BUY,0,9920,218
11945,BUY,1,9919,604
11945,BUY,2,9918,247
11945,BUY,3,9917,197
11945,BUY,4,9916,412
11945,SELL,0,9922,81
11945,SELL,1,9923,31
11945,SELL,2,9924,84
11945,SELL,3,9925,285
11945,SELL,4,9926,69
11995,BUY,0,9919,464
11995,BUY,1,9918,247
11995,BUY,2,9917,197
11995,BUY,3,9916,412
11995,BUY,4,9915,267
11995,SELL,0,9924,45
11995,SELL,1,9925,285
11995,SELL,2,9926,69
11995,SELL,3,9927,18
11995,SELL,4,9933,148
